Reference Designator,Description,Manufacturer,Manufacturer Part Number,Suppliers,Package,Quantity,Supplier 2,Supplier 3,Supplier 1,Supplier Part Number 1,Supplier Part Number 2,Supplier Part Number 3,Category C8D405Def9791313,Packagedescription,Category Bfeb72E1862F642C,Attiny244484 Summary,Category 20B3Edb914A9Fb74,Atmelcom Home,Librarypath,Footprint 1 Description,Max Clock Speed,Reach Svhc Compliance,Core Architecture,Manufacturer Link,Componentavailability,Code Jedec,Category C8Ce05C4F1091309,Code Ipc,Access Time,Category 9E07530Daf1645C0,Imported From,Clock Speed,Designitemid,Mounting Style,Category Baf677Fc8B5C6131,Footprint 0 Description,Supply Voltage Dc,Max Supply Voltage Dc,Footprint 2 Description,Attiny244484 Datasheet,Indexinsheet,Ipc Land Pattern Name,Is Connector,Is Female,Resistance,Size Length,Case Package Si,Mounting Type,Voltage Rating Dc,Category 7542B8484461Ae85,Category 5A00970A6D5C81C7,Category 5C6A91606D4187Ad,Category Cd01000Bfc2916C6,Voltage,Power Rating,Size Width,Resistance Tolerance,Size Height
?26,"8-bit AVR Microcontroller, 2.7-5.5V, 4KB Flash, 256 Bytes EEPROM, 256 Bytes SRAM, 14-pin SOIC, Industrial Grade (-40°C to 85°C), Pb-Free",Atmel,ATtiny44-20SSU,Newark 68T3696/Digi-Key ATTINY44-20SSU-ND,SOIC,1,Farnell,Mouser,Digi-Key,ATTINY44-20SSU-ND,1455152,556-ATTINY44-20SSU,Microprocessors,"14-Lead, 0.150 Wide Body, Plastic Gull Wing Small Outline Package (SOIC)",8 Bit,http://www.atmel.com/dyn/resources/prod_documents/8006S.pdf,Uncategorized,http://www.atmel.com,*,"SOIC, 14-Leads, Body 8.7x3.9mm, Pitch 1.27mm, IPC High Density",20000000.0Hz,No SVHC,AVR,http://www.atmel.com/products/avr/default.asp?,Not recommended for new design.,MS-012-AB,Uncategorized,SOIC127P600-14,2e-05s,Semiconductors and Actives,Altium,20000000.0Hz,MC/8B/ATTINY24V-IL14,surface mount,Microcontrollers,"SOIC, 14-Leads, Body 8.7x3.9mm, Pitch 1.27mm, IPC Medium Density",5.0V,5.5V,"SOIC, 14-Leads, Body 8.7x3.9mm, Pitch 1.27mm, IPC Low Density",http://www.atmel.com/dyn/resources/prod_documents/doc8006.pdf,-1,,,,,,,,,,,,,,,,,
ICSP,"2x3 pin 0.1"" pitch header for SMT (bent legs) ICSP 6-pin header",,ICSP Header 6-pin SMT (Fab Academy),,,1,,,,,,,,,,,,,,,,,,,,,,,,,,,,,,,,,,,,SOIC127P600X155-6,yes,yes,,,,,,,,,,,,,,
J1,2.54mm header mounted horizontally SMT-like at edge of pcb,,jsphpl.generic.header.horizontal.5pin,,,1,,,,,,,,,,,,,,,,,,,,,,,,,,,,,,,,,,,,SOIC127P1032X250-20,,,,,,,,,,,,,,,,
LED1,No description,,LED-SMD-1206-Generic,,,1,,,,,,,,,,,,,,,,,,,,,,,,,,,,,,,,,,,,CAPCP320160X55,,,,,,,,,,,,,,,,
R1,130 Ω Resistor,Panasonic - ECG,ERJ-8GEYJ131V,Digi-Key P130EDKR-ND/Digi-Key P130ECT-ND/Digi-Key P130ETR-ND/Newark 53W5008/Newark 52W1018,1206,1,,,,,,,,,,,,,,,,,,,,,,,,,,,,,,,,,,,,,,,130 Ω,3.2 mm,3216,surface mount,200 V,Passive Components,Uncategorized,Resistors,Single Components,200 V,250 mW,1.6 mm,±5%,600 um
